timestamp,close,high,low,open,volume,basis,PCR,EMA_5,EMA_15,SMA_20,SMA_50,market_return,regime,position,strategy_return,z_score
2025-10-27 04:35:00,25964.19921875,25967.44921875,25926.599609375,25930.25,0,129.82099609374563,,25942.546020818045,25929.075220493527,,,0.001320866451031577,0,0,0.0,2.3237932356871402
2025-10-27 07:45:00,25940.0,25971.0,25937.30078125,25970.650390625,0,129.70000000000073,,25960.29108945208,25969.59224053752,25975.4423828125,,-0.0011782403885644,0,0,-0.0,-2.06789545095605
2025-10-27 08:45:00,25983.150390625,25984.099609375,25938.05078125,25939.30078125,0,129.9157519531218,,25960.81998180209,25957.17419605783,25956.66748046875,25966.6189453125,0.0017213944763574407,-1,0,-0.0017213944763574,3.0276424547911556
2025-10-27 09:15:00,25929.849609375,25971.400390625,25929.349609375,25967.19921875,0,129.6492480468769,,25956.735227419005,25960.581002761188,25955.35009765625,25966.6859375,-0.0014326298426566852,-1,-1,-0.0,-2.5149348771372213
2025-10-28 04:00:00,26028.80078125,26032.69921875,25978.099609375,25987.44921875,0,130.14400390624724,,25993.31561950952,25975.353527258794,25968.82509765625,25967.21,0.0015372427974107428,1,1,0.0,2.704032102387291
2025-10-28 04:20:00,25971.44921875,26013.30078125,25959.849609375,26010.099609375,0,129.85724609374665,,25996.57261658521,25986.932588351898,25976.25498046875,25970.0080078125,-0.0014629570445414686,1,1,-0.0014629570445414,-2.5682289689722384
2025-10-28 04:30:00,25928.650390625,25970.05078125,25927.44921875,25969.5,0,129.64325195312267,,25968.093688968427,25977.828102597152,25973.79755859375,25968.17203125,-0.0016037700516380315,1,0,-0.001603770051638,-2.815680130483268
2025-10-28 05:20:00,25858.25,25889.900390625,25857.75,25889.5,0,129.2912499999984,,25879.67726115182,25909.986345375022,25939.25751953125,25950.518046875,-0.0012147386682354044,-1,-1,0.0012147386682354,-2.1320339981255674
2025-10-28 06:25:00,25848.650390625,25880.19921875,25848.650390625,25877.150390625,0,129.24325195312122,,25868.576761882432,25876.556082918865,25872.93525390625,25928.638125,-0.0010975126518505407,-1,-1,0.0010975126518505,-1.9260323331383733
2025-10-28 07:10:00,25929.0,25931.69921875,25898.55078125,25899.30078125,0,129.64500000000044,,25893.48245061836,25876.90660933229,25868.73515625,25911.2490625,0.0011313174335549903,-1,0,0.0,1.9906981224942857
2025-10-28 08:10:00,25879.599609375,25930.650390625,25879.599609375,25930.150390625,0,129.3979980468721,,25916.261250540683,25915.612568454868,25905.22490234375,25900.9190625,-0.00197641036726659,1,1,-0.0,-3.4705221854142443
2025-10-28 09:30:00,25920.150390625,25921.150390625,25852.69921875,25852.69921875,0,129.6007519531231,,25865.305139677774,25860.92950996668,25868.81748046875,25878.03203125,0.0026904900582953584,-1,0,-0.0026904900582953,4.730637315211249
2025-10-29 04:05:00,25965.19921875,25996.900390625,25963.349609375,25996.900390625,0,129.82599609374665,,25979.123217220524,25944.835898992435,25906.557421875,25898.5289453125,-0.0011982601824129802,1,1,-0.0011982601824129,-2.1030763006743247
2025-10-29 08:50:00,26050.349609375,26081.900390625,26047.30078125,26081.75,0,130.2517480468705,,26059.24422856309,26063.948599405456,26070.3423828125,26052.8919140625,-0.001186718873210868,1,0,-0.0,-2.082794719971612
2025-10-29 09:15:00,26022.099609375,26057.5,26021.599609375,26056.94921875,0,130.11049804687718,,26045.79414577528,26056.387177194723,26064.8849609375,26055.03890625,-0.0012914765694712615,1,0,-0.0,-2.2668857649066703
2025-10-30 03:45:00,25985.150390625,26028.30078125,25965.5,26006.400390625,0,129.92575195312384,,26033.72862423614,26045.322162330544,26048.3626953125,26056.8689453125,-0.0031897127213142973,-1,-1,-0.0,-5.602662411404062
2025-10-30 04:00:00,25933.44921875,25978.849609375,25933.150390625,25978.849609375,0,129.66724609374796,,25980.691438431084,26018.172904433595,26035.742578125,26052.401953125,-0.001741811613390598,-1,-1,0.0017418116133905,-3.058261021956204
2025-10-30 04:20:00,25901.650390625,25942.349609375,25900.25,25930.75,0,129.50825195312063,,25930.33871681201,25978.203951118023,26008.20517578125,26043.13203125,-0.0010933131266872564,-1,-1,0.0010933131266872,-1.9186524937266856
2025-10-30 04:35:00,25946.25,25948.5,25914.150390625,25914.150390625,0,129.73125000000073,,25928.51688252763,25960.328445738003,25988.00263671875,26035.306015625,0.001221334348285641,-1,-1,-0.0012213343482856,2.1488851434593577
2025-10-30 04:45:00,25929.650390625,25967.400390625,25928.400390625,25959.5,0,129.6482519531237,,25935.76857105395,25956.397523397063,25979.4201171875,26030.9169921875,-0.001147899089610771,-1,-1,0.0011478990896107,-2.0145765862954845
2025-10-31 03:45:00,25862.25,25875.900390625,25822.19921875,25863.80078125,0,129.31124999999884,,25875.76295844675,25878.88636097011,25880.4849609375,25899.22296875,-0.0011181103859042585,-1,-1,-0.0,-1.9622287990841116
2025-10-31 03:50:00,25894.30078125,25895.05078125,25840.5,25862.849609375,0,129.47150390624665,,25881.9422327145,25880.813163505096,25880.75,25898.0159765625,0.0012392881999825356,-1,0,-0.0012392881999825,2.180435506224828
2025-10-31 04:00:00,25947.55078125,25948.400390625,25913.80078125,25914.900390625,0,129.73775390624724,,25911.035523567552,25892.834309265618,25886.19501953125,25897.6819921875,0.0012773399974888022,-1,0,0.0,2.247304055406873
2025-10-31 04:30:00,25890.55078125,25929.55078125,25887.75,25924.55078125,0,129.45275390624738,,25913.2415178012,25907.47340226325,25896.24755859375,25898.1709765625,-0.001365367076874402,-1,0,-0.0,-2.396733797120114
2025-10-31 09:30:00,25723.400390625,25754.80078125,25722.05078125,25754.80078125,0,128.6170019531237,,25747.253275216422,25763.19754652585,25767.0775390625,25785.5360546875,-0.0011610313908486658,-1,-1,0.0011610313908486,-2.0376540225468203
2025-11-03 03:45:00,25687.849609375,25737.44921875,25659.19921875,25694.099609375,0,128.4392480468705,,25714.583628907032,25736.50843455213,25751.127734375,25777.095078125,-0.0017119132509174628,-1,-1,0.0017119132509174,-3.0057205310327935
2025-11-03 04:05:00,25709.69921875,25709.69921875,25662.150390625,25667.69921875,0,128.5484960937465,,25693.13462307114,25714.86070952232,25732.3150390625,25768.2240625,0.0016655660801623284,-1,-1,-0.0016655660801623,2.9295350301389362
2025-11-03 04:15:00,25751.44921875,25753.099609375,25721.900390625,25722.5,0,128.7572460937481,,25719.265127614945,25720.35185182177,25729.8724609375,25765.463046875,0.0010962541183558994,-1,-1,-0.0010962541183558,1.9290812431211148
2025-11-03 04:30:00,25724.19921875,25761.30078125,25719.30078125,25759.44921875,0,128.62099609374854,,25733.544991515537,25727.38327716649,25724.41748046875,25760.6930078125,-0.0013859204163690908,-1,0,-0.0,-2.43285224836094
2025-11-03 05:05:00,25758.849609375,25762.19921875,25729.0,25730.0,0,128.79424804687733,,25736.8824405971,25728.77084001013,25718.80751953125,25751.01203125,0.0010998143166691676,-1,0,0.0,1.9353375913519548
2025-11-03 09:15:00,25746.25,25777.150390625,25744.650390625,25777.150390625,0,128.73125000000073,,25767.34966016229,25766.16944011962,25763.325,25747.868046875,-0.001189064245914806,1,1,-0.0011890642459148,-2.0869162511549333
2025-11-04 08:40:00,25616.5,25646.650390625,25607.5,25646.650390625,0,128.08250000000044,,25640.947309371502,25656.26172831768,25662.8798828125,25675.7068359375,-0.0011249450607783151,-1,-1,0.0011249450607783,-1.9742393957683781
2025-11-06 03:45:00,25666.69921875,25670.25,25596.849609375,25604.05078125,0,128.33349609374272,,25617.71607117444,25614.34031543324,25614.6072265625,25647.766796875,0.0031795387054314173,-1,0,-0.0031795387054314,5.59004411479922
2025-11-06 03:55:00,25626.599609375,25659.849609375,25619.900390625,25659.849609375,0,128.1329980468763,,25630.029408369195,25620.844965624663,25613.8697265625,25646.723828125,-0.0012938982713872615,-1,0,-0.0,-2.2711414296659402
2025-11-06 04:35:00,25572.19921875,25617.19921875,25571.400390625,25613.80078125,0,127.86099609374652,,25604.102199137706,25614.13437046892,25611.5498046875,25637.8628125,-0.0016455772357215626,-1,-1,0.0016455772357215,-2.8891480328758425
2025-11-06 04:40:00,25542.75,25571.30078125,25542.44921875,25571.19921875,0,127.71374999999898,,25583.651466091804,25605.2113241603,25608.8873046875,25634.9908203125,-0.0011516107198322745,-1,-1,0.0011516107198322,-2.0210990463178082
2025-11-06 07:15:00,25598.0,25599.25,25556.75,25561.099609375,0,127.9900000000016,,25571.15269886028,25560.01046092614,25552.22255859375,25572.6009765625,0.0014749129547666495,-1,0,0.0,2.5944996644605602
2025-11-06 07:35:00,25572.349609375,25606.349609375,25571.55078125,25603.099609375,0,127.86174804687109,,25584.60580413444,25572.70961463072,25561.4650390625,25571.89296875,-0.0012049122889458141,-1,0,-0.0,-2.1147660694107886
2025-11-06 09:30:00,25515.099609375,25555.099609375,25514.0,25555.099609375,0,127.57549804687731,,25536.00211026864,25544.024735639912,25547.525,25556.233984375,-0.0015828722386480587,-1,-1,0.001582872238648,-2.7789563348337447
2025-11-07 03:45:00,25378.44921875,25438.5,25356.5,25433.80078125,0,126.89224609374652,,25470.19975766591,25509.480875224843,25525.569921875,25548.19796875,-0.005544681879540603,-1,-1,0.0055446818795406,-9.741057475477476
2025-11-07 03:50:00,25329.05078125,25378.150390625,25325.44921875,25378.150390625,0,126.6452539062484,,25423.1500988606,25486.92711347799,25515.02744140625,25543.918984375,-0.0019464718696642347,-1,-1,0.0019464718696642,-3.417911164895964
2025-11-07 04:00:00,25320.0,25362.349609375,25319.400390625,25348.849609375,0,126.59999999999854,,25372.277648104715,25450.969892057365,25494.96240234375,25536.06796875,-0.001142028353924296,-1,-1,0.0011420283539242,-2.0042599231228397
2025-11-07 04:15:00,25389.80078125,25391.150390625,25347.400390625,25354.25,0,126.94900390624753,,25369.501102910657,25422.20757508677,25467.13740234375,25525.05,0.0013705356104314337,-1,-1,-0.0013705356104314,2.4110770132173123
2025-11-07 04:20:00,25352.5,25390.94921875,25352.5,25389.599609375,0,126.76250000000071,,25363.834068607102,25413.494128200924,25457.682421875,25520.8730078125,-0.001469124613122097,-1,-1,0.001469124613122,-2.5790672575681834
2025-11-07 05:40:00,25409.94921875,25413.80078125,25369.650390625,25370.19921875,0,127.04974609374769,,25380.99462456263,25374.80002466842,25360.6798828125,25453.7819140625,0.0015667988909846553,-1,0,-0.0015667988909846,2.755971123045929
2025-11-07 07:55:00,25531.19921875,25539.94921875,25488.44921875,25488.44921875,0,127.6559960937484,,25501.887565348075,25481.621106096656,25471.74482421875,25414.4289453125,0.0016772303262981847,1,1,0.0016772303262981,2.9500326483205352
2025-11-07 08:25:00,25492.849609375,25525.849609375,25491.349609375,25525.849609375,0,127.46424804687194,,25515.98908699129,25505.03530514774,25495.7625,25436.0449609375,-0.001292807115336081,1,1,-0.001292807115336,-2.2692239375405907
2025-11-07 08:50:00,25516.30078125,25518.30078125,25482.19921875,25482.19921875,0,127.58150390624724,,25495.101797206666,25495.713248985558,25500.33251953125,25450.063984375,0.0013401691027443707,1,0,0.0,2.357713849166392
2025-11-10 03:45:00,25554.599609375,25590.349609375,25515.80078125,25515.80078125,0,127.77299804687208,,25518.38606336465,25505.72369756376,25499.69501953125,25486.59703125,0.0017168739037463077,1,1,0.0017168739037463,3.0196984376411438
2025-11-10 03:50:00,25526.55078125,25565.69921875,25521.5,25551.650390625,0,127.63275390624769,,25521.107635993103,25508.32708302454,25501.380078125,25488.323046875,-0.0010976038972925206,1,1,-0.0010976038972925,-1.926192679054323
2025-11-10 08:10:00,25607.55078125,25637.55078125,25607.55078125,25635.599609375,0,128.0377539062465,,25626.71823941883,25632.591832775972,25635.0625,25619.3009765625,-0.0011174994099377722,1,0,-0.0011174994099377,-1.9611551290043392
2025-11-11 03:45:00,25546.0,25634.400390625,25545.650390625,25616.150390625,0,127.72999999999956,,25565.937915129693,25587.507998671703,25601.32744140625,25620.225,-0.0011046267241463514,-1,-1,0.0011046267241463,-1.938533915832823
2025-11-11 04:15:00,25501.599609375,25532.80078125,25501.599609375,25529.44921875,0,127.50799804687632,,25518.857919139467,25548.77364197591,25571.04990234375,25606.0689453125,-0.001098753050699841,-1,-1,0.0010987530506998,-1.9282120901247846
2025-11-11 04:40:00,25501.94921875,25536.80078125,25501.94921875,25536.19921875,0,127.5097460937468,,25515.659353677835,25532.290919694475,25544.4849609375,25595.066953125,-0.0013843108479951738,-1,-1,0.0013843108479951,-2.4300237485520833
2025-11-11 08:15:00,25666.44921875,25667.75,25625.80078125,25626.44921875,0,128.33224609374884,,25637.05475695479,25604.43164031393,25590.207421875,25533.081953125,0.0015608873339632012,1,1,0.0015608873339632,2.7455827244067725
2025-11-11 08:25:00,25635.05078125,25671.400390625,25622.25,25670.5,0,128.17525390624724,,25643.863312118792,25615.507049322387,25601.00234375,25538.571953125,-0.00138868198315234,1,1,-0.0013886819831523,-2.4377051587716716
2025-11-11 08:45:00,25679.5,25681.400390625,25645.150390625,25646.400390625,0,128.3974999999955,,25658.96403001729,25633.63804570036,25617.684765625,25549.801875,0.0012594272370445303,1,1,0.0012594272370445,2.2158259024350793
2025-11-11 09:05:00,25655.650390625,25697.400390625,25654.55078125,25696.05078125,0,128.27825195312107,,25673.575143082115,25653.11670457649,25639.35234375,25564.5658984375,-0.0015974358331224403,1,1,-0.0015974358331224,-2.80454898740731
2025-11-12 03:45:00,25807.19921875,25832.5,25805.400390625,25822.599609375,0,129.03599609374578,,25734.8342524944,25697.398417318625,25683.57744140625,25614.3229296875,0.003954338048035355,1,1,0.0039543380480353,6.951601553408926
2025-11-12 03:50:00,25839.55078125,25848.80078125,25805.94921875,25808.599609375,0,129.19775390624636,,25769.7397620796,25715.167462810048,25693.80244140625,25621.6629296875,0.0012535867308101079,1,1,0.0012535867308101,2.205562361578167
2025-11-12 03:55:00,25794.0,25839.94921875,25791.900390625,25839.400390625,0,128.97000000000116,,25777.826508053065,25725.02152995879,25701.3724609375,25628.0309375,-0.0017628317781380742,1,1,-0.001762831778138,-3.095199826752477
2025-11-12 04:10:00,25844.75,25851.099609375,25784.599609375,25786.349609375,0,129.22375000000102,,25803.465377386092,25752.68920518968,25722.905078125,25646.7049609375,0.0022783681067246597,1,1,0.0022783681067246,4.006414051301911
2025-11-13 03:45:00,25843.94921875,25902.44921875,25834.599609375,25902.44921875,0,129.2197460937423,,25864.340389256773,25879.916885032104,25886.2302734375,25898.666015625,-0.0011614277363376502,-1,-1,0.0011614277363376,-2.038350521781025
2025-11-13 03:55:00,25875.55078125,25887.75,25846.400390625,25847.349609375,0,129.37775390624665,,25864.10137091968,25875.710596059733,25880.95029296875,25897.4040234375,0.0011259404436447795,-1,-1,-0.0011259404436447,1.9812491204017282
2025-11-13 08:25:00,25929.150390625,25979.30078125,25928.44921875,25975.849609375,0,129.64575195312136,,25965.62492686084,25972.72335401685,25971.82236328125,25954.36078125,-0.0018112283374790428,1,0,-0.001811228337479,-3.18024726000449
2025-11-14 03:45:00,25810.69921875,25826.44921875,25767.30078125,25776.849609375,0,129.05349609374753,,25857.84862617505,25886.874703788035,25895.81015625,25942.6319140625,-0.0028357328140714566,-1,-1,0.0028357328140714,-4.980612353636739
2025-11-14 03:55:00,25823.19921875,25823.19921875,25784.599609375,25788.55078125,0,129.11599609374753,,25830.932288716693,25868.177324482243,25884.5650390625,25936.267890625,0.001337795276425524,-1,-1,-0.0013377952764255,2.3535423163518043
2025-11-14 04:00:00,25877.099609375,25877.25,25819.0,25824.0,0,129.38549804687136,,25846.321395602798,25869.29261009384,25883.7125,25934.3758984375,0.002087285551584994,-1,-1,-0.0020872855515849,3.6706240473189635
2025-11-14 04:05:00,25840.400390625,25878.94921875,25835.94921875,25877.19921875,0,129.20200195312282,,25844.34772727686,25865.681082660238,25881.01005859375,25931.919921875,-0.0014182122148149734,-1,-1,0.0014182122148149,-2.489598732208374
2025-11-14 04:20:00,25792.349609375,25854.69921875,25791.849609375,25854.69921875,0,128.9617480468769,,25831.071129262597,25854.40606312736,25868.68994140625,25923.479921875,-0.0024115387631268304,-1,-1,0.0024115387631268,-4.235174749706196
2025-11-14 04:30:00,25774.650390625,25814.849609375,25765.0,25811.349609375,0,128.8732519531186,,25807.73712515838,25839.65616796079,25856.59736328125,25916.0979296875,-0.0013966622066097223,-1,-1,0.0013966622066097,-2.451728831757311
2025-11-14 05:20:00,25837.400390625,25837.80078125,25786.0,25786.0,0,129.1870019531234,,25798.65334493371,25802.98451139588,25805.11474609375,25880.449921875,0.0020089034978720832,-1,-1,-0.002008903497872,3.532883005970567
2025-11-14 05:45:00,25821.94921875,25863.099609375,25814.94921875,25854.75,0,129.10974609374898,,25834.11318804168,25822.13462798068,25808.97236328125,25866.766953125,-0.0012879698030380249,-1,0,-0.0,-2.260723312694729
2025-11-14 06:40:00,25826.400390625,25834.94921875,25795.55078125,25795.55078125,0,129.1320019531231,,25807.086013104406,25807.87031568617,25811.06484375,25834.48390625,0.001135816882272822,-1,-1,-0.0011358168822728,1.9986050185569717
2025-11-14 08:05:00,25767.150390625,25806.19921875,25765.150390625,25805.0,0,128.8357519531237,,25793.89187547965,25801.609681458736,25806.54248046875,25808.98890625,-0.0015074135502075592,-1,-1,-0.0,-2.6463525329143955
2025-11-14 09:30:00,25886.25,25892.30078125,25767.599609375,25767.599609375,0,129.43125000000146,,25812.1851330647,25792.085108747968,25781.62265625,25800.213984375,0.004655275111795865,-1,0,-0.0046552751117958,8.183360565946215
2025-11-14 09:35:00,25936.349609375,25936.44921875,25887.55078125,25887.55078125,0,129.68174804687078,,25853.573291834804,25810.118171326347,25787.52509765625,25801.97796875,0.0019353753199091717,-1,0,0.0,3.403671696476728
2025-11-17 03:45:00,25951.05078125,25952.05078125,25906.599609375,25940.599609375,0,129.75525390624898,,25923.099109547173,25868.87461781541,25827.72509765625,25811.183984375,0.0013215365696208625,1,1,0.0013215365696208,2.3249708372929003
2025-11-18 03:45:00,25947.349609375,26023.599609375,25930.5,26023.599609375,0,129.73674804687107,,25990.599382644625,25997.37571503864,26000.005078125,25983.068046875,-0.0025736294985585495,1,0,-0.0025736294985585,-4.520017333355096
2025-11-19 03:45:00,25858.25,25929.849609375,25857.5,25929.849609375,0,129.2912499999984,,25887.943197332923,25919.07195684737,25941.72744140625,25951.91390625,-0.001407593826137532,-1,-1,0.0014075938261375,-2.4709390027857463
2025-11-19 03:50:00,25900.650390625,25906.80078125,25856.69921875,25858.599609375,0,129.50325195312325,,25892.17892843028,25916.76926106957,25938.232421875,25951.429921875,0.001639723903396506,-1,-1,-0.0016397239033965,2.8841224877287672
2025-11-20 03:45:00,26099.69921875,26128.69921875,26084.150390625,26128.69921875,0,130.49849609374724,,26068.14857332172,26053.953360989075,26047.29755859375,26018.8490234375,0.0018040357202671053,1,1,0.0018040357202671,3.1728681851112204
2025-11-20 08:55:00,26200.55078125,26236.5,26198.80078125,26236.5,0,131.00275390624665,,26220.086253688747,26211.02030896908,26203.49501953125,26165.7620703125,-0.0013664073135508659,1,1,-0.0013664073135508,-2.3985618084604363
2025-11-21 03:45:00,26138.75,26141.849609375,26096.5,26121.19921875,0,130.69374999999854,,26177.22401065299,26192.581975845344,26204.7076171875,26183.1100390625,-0.0022387866639618226,1,0,-0.0,-3.931596916427375
2025-11-24 03:45:00,26097.25,26134.19921875,26082.650390625,26128.30078125,0,130.48625000000175,,26077.121718294948,26091.67010163684,26109.772265625,26119.083984375,0.0012776567729821942,-1,-1,-0.0012776567729821,2.247860726025549
2025-11-24 09:30:00,25977.19921875,26057.75,25977.19921875,26039.80078125,0,129.88599609374796,,26012.61406002705,26032.820425645084,26046.1849609375,26071.7790234375,-0.002375338602762622,-1,-1,0.0023753386027626,-4.171560088577156
2025-11-25 05:25:00,25939.099609375,25976.05078125,25938.44921875,25975.44921875,0,129.6954980468763,,25972.46123688572,25986.298779123867,25985.7375,26013.826015625,-0.0013917244540475604,-1,-1,0.0013917244540475,-2.4430517029042704
2025-11-25 09:20:00,25921.69921875,25963.599609375,25920.349609375,25959.25,0,129.60849609374782,,25950.66264308992,25974.14322449549,25990.009765625,25977.4538671875,-0.0014407429836854613,1,0,-0.0,-2.5291921266091877
2025-11-26 03:45:00,25969.05078125,25969.05078125,25842.94921875,25842.94921875,0,129.8452539062455,,25908.241650459116,25922.72548540448,25945.975,25967.929921875,0.0042052875146312285,-1,-1,-0.0042052875146312,7.392595878223952
2025-11-26 04:00:00,26011.0,26014.55078125,25979.599609375,25979.900390625,0,130.0550000000003,,25967.338382543443,25944.409797076387,25941.87255859375,25969.224921875,0.0012201721292237622,-1,0,0.0,2.146842772071074
2025-11-26 05:15:00,26123.44921875,26130.5,26091.650390625,26091.650390625,0,130.6172460937487,,26097.2584528165,26065.73020527125,26044.8849609375,25999.159921875,0.00119767596966458,1,1,0.0011976759696645,2.1073101967270955
2025-11-27 03:45:00,26253.599609375,26261.25,26210.849609375,26261.25,0,131.26799804687107,,26220.93513113106,26203.395018839517,26196.794921875,26173.768984375,0.0019425628711020604,1,1,0.001942562871102,3.41630240387921
2025-11-27 06:15:00,26238.75,26270.349609375,26233.69921875,26269.599609375,0,131.19374999999854,,26261.674964959588,26273.693972224748,26281.7201171875,26245.391015625,-0.0011629841808277197,1,0,-0.0,-2.0410856668136925
2025-11-27 07:40:00,26178.30078125,26222.599609375,26175.80078125,26218.69921875,0,130.89150390624854,,26212.988351152,26231.030239702686,26236.1076171875,26259.0160546875,-0.0015237179731675266,-1,-1,0.0015237179731675,-2.675004349123706
2025-11-27 07:50:00,26154.69921875,26194.44921875,26151.400390625,26183.94921875,0,130.7734960937487,,26187.105499817557,26216.339375416897,26226.39501953125,26257.528046875,-0.0011170965752963502,-1,-1,0.0011170965752963,-1.9604472263611665
2025-11-28 04:05:00,26209.55078125,26254.44921875,26201.650390625,26252.44921875,0,131.04775390624854,,26225.730950818823,26217.59525538156,26211.81005859375,26209.1340234375,-0.001630285622499672,1,1,-0.0016302856224996,-2.8622760305576236
2025-12-01 03:45:00,26285.30078125,26319.900390625,26272.25,26319.900390625,0,131.4265039062484,,26230.160707693216,26215.70735046255,26209.71767578125,26221.92796875,0.0030815258263376943,-1,0,-0.0030815258263376,5.417805759303055
2025-12-01 06:10:00,26211.75,26261.650390625,26208.150390625,26258.849609375,0,131.05875000000017,,26238.224654396105,26245.995950910557,26253.93759765625,26241.471171875,-0.0017461462607811784,1,0,-0.0017461462607811,-3.0658783121033015
2025-12-01 08:30:00,26221.150390625,26221.400390625,26182.25,26182.25,0,131.1057519531205,,26197.922674742636,26189.15794590464,26180.67470703125,26214.854921875,0.001457067204865714,-1,0,0.0,2.563139269337448
2025-12-01 09:20:00,26140.44921875,26175.44921875,26139.349609375,26175.19921875,0,130.70224609374782,,26169.277565867415,26184.68992974817,26189.384765625,26198.1138671875,-0.001289437729037446,-1,-1,0.0012894377290374,-2.26330290389201
2025-12-01 09:30:00,26180.55078125,26180.55078125,26137.400390625,26147.19921875,0,130.9027539062481,,26166.962338302183,26179.497770920472,26186.97978515625,26194.9828515625,0.0014766137818182923,-1,-1,-0.0014766137818182,2.5974885334445865
2025-12-02 03:45:00,26141.5,26150.650390625,26096.05078125,26096.05078125,0,130.70750000000044,,26165.103314422275,26174.41896002385,26183.68740234375,26187.3128125,-0.0013160637829066069,-1,-1,0.0013160637829066,-2.3100929561196493
2025-12-02 04:10:00,26079.30078125,26114.849609375,26078.900390625,26109.150390625,0,130.39650390624956,,26111.72399613791,26143.725854998454,26160.73486328125,26175.521796875,-0.0011317552694619648,-1,-1,0.0011317552694619,-1.9862069979355983
2025-12-03 03:55:00,25962.0,26011.900390625,25954.75,26007.75,0,129.8100000000013,,26006.96245663937,26023.20536781224,26027.8048828125,26042.2559765625,-0.001799420959221587,-1,-1,0.0017994209592215,-3.1594981152738195
2025-12-03 04:00:00,25933.349609375,25976.5,25932.94921875,25963.05078125,0,129.66674804687136,,25982.424840884585,26011.973398007583,26021.52490234375,26039.4859765625,-0.0011035509831677226,-1,-1,0.0011035509831677,-1.936643512665279
2025-12-03 04:30:00,25911.69921875,25952.75,25910.75,25951.55078125,0,129.55849609374854,,25936.63686124535,25969.49492375346,25991.58486328125,26024.8289453125,-0.001512468760550778,-1,-1,0.0015124687605507,-2.655236070713246
2025-12-03 08:55:00,25921.44921875,25955.75,25918.5,25953.0,0,129.60724609374665,,25935.609084904583,25934.46872366281,25934.17998046875,25930.83703125,-0.0012425974319953959,1,1,-0.0012425974319953,-2.180990295507555
2025-12-04 03:45:00,25950.0,25985.5,25940.099609375,25981.849609375,0,129.75,,25971.021865566687,25964.447205576504,25954.93994140625,25943.6430078125,-0.0011989611759547492,1,1,-0.0011989611759547,-2.1043081589358525
2025-12-04 03:50:00,25992.650390625,25994.0,25945.900390625,25949.55078125,0,129.96325195311874,,25978.23137391945,25967.972603707563,25958.7,25945.295,0.0016435603323698977,1,1,0.0016435603323698,2.8908642570091385
2025-12-05 03:45:00,26050.599609375,26050.599609375,25991.849609375,26001.150390625,0,130.25299804687165,,26035.231512270275,26026.57599160613,26017.892578125,26016.6109765625,0.0015474609378374193,1,1,0.0,2.721988474239573
2025-12-05 04:30:00,26085.150390625,26091.599609375,26006.650390625,26023.80078125,0,130.42575195312384,,26053.701374257827,26041.990915541828,26037.97490234375,26017.755,0.002336303583475363,1,1,0.0023363035834753,4.1082242555597155
2025-12-05 04:55:00,26040.75,26092.75,26036.5,26085.25,0,130.20375000000058,,26068.50899655864,26058.605826888437,26051.30986328125,26023.1149609375,-0.0017518374527244474,1,1,-0.0017518374527244,-3.0758794624642083
2025-12-05 05:10:00,26096.25,26098.150390625,26062.849609375,26062.849609375,0,130.48125000000073,,26073.197399443296,26062.60963018356,26055.26748046875,26025.9969921875,0.0013026178707300495,1,1,0.00130261787073,2.2917249453732795
2025-12-05 09:30:00,26186.900390625,26186.900390625,26155.75,26155.75,0,130.93450195312107,,26162.933629452164,26162.520389550464,26167.64521484375,26160.9061328125,0.0012388074948861405,1,1,0.0,2.1795907615744587
2025-12-08 04:15:00,26101.150390625,26129.900390625,26097.25,26129.5,0,130.5057519531183,,26125.22268770145,26147.93787297261,26157.09013671875,26166.359140625,-0.0011174446261340565,-1,-1,0.001117444626134,-1.9610588572454941
2025-12-08 07:50:00,25971.400390625,26004.349609375,25965.44921875,26004.349609375,0,129.85700195312165,,26002.065406310867,26020.592687368997,26029.81748046875,26067.3680859375,-0.001261289680527855,-1,-1,0.0012612896805278,-2.2138382454660266
2025-12-08 08:00:00,25919.099609375,25960.05078125,25903.099609375,25957.25,0,129.5954980468705,,25964.506717040946,26001.00528993876,26016.90498046875,26058.347109375,-0.0014793562794953585,-1,-1,0.0014793562794953,-2.597047398610983
2025-12-08 09:30:00,25970.80078125,25978.94921875,25942.5,25942.5,0,129.85400390624636,,25948.70340492102,25942.370942441943,25931.05498046875,25997.6580078125,0.0012028393785894487,-1,0,-0.0012028393785894,2.1163838722501174
2025-12-09 03:45:00,25819.94921875,25889.849609375,25819.94921875,25867.099609375,0,129.09974609374694,,25904.21948723758,25931.03223587397,25931.430078125,25981.5319921875,-0.00435169203095076,-1,-1,0.0043516920309507,-7.644612482281749
2025-12-09 04:45:00,25832.25,25848.849609375,25782.25,25784.05078125,0,129.16125000000102,,25789.945363342384,25807.05329208778,25839.75517578125,25913.6840234375,0.0018693423759872374,-1,-1,-0.0018693423759872,3.2876317864684848
2025-12-09 05:25:00,25829.19921875,25830.099609375,25794.94921875,25797.55078125,0,129.14599609374272,,25812.16834462877,25810.76908968829,25790.06513671875,25880.9060546875,0.0012210391218572259,-1,0,-0.0012210391218572,2.1483663410835945
2025-12-09 06:10:00,25825.55078125,25868.80078125,25824.900390625,25867.099609375,0,129.12775390624665,,25850.446236573756,25841.37320134197,25829.62255859375,25861.020078125,-0.001619735952535617,-1,0,-0.0,-2.843737060756536
2025-12-09 06:50:00,25921.400390625,25921.400390625,25886.650390625,25888.150390625,0,129.60700195312165,,25893.86771801418,25867.950596846327,25855.0099609375,25852.6210546875,0.0012747021639833989,1,1,0.0,2.242668581893143
2025-12-09 08:50:00,25825.150390625,25859.849609375,25821.599609375,25858.55078125,0,129.12575195312093,,25860.962217912416,25876.668742287653,25881.707421875,25864.188984375,-0.0013090068979851877,1,0,-0.0,-2.297691868986716
2025-12-10 03:45:00,25880.55078125,25893.150390625,25833.80078125,25863.900390625,0,129.4027539062481,,25851.3198229958,25845.6897808716,25845.43984375,25865.5189453125,0.0016100330608572744,-1,0,-0.0016100330608572,2.8319466722692215
2025-12-10 03:55:00,25887.400390625,25887.900390625,25840.55078125,25855.349609375,0,129.4370019531234,,25864.30902723424,25851.99304878255,25843.71494140625,25865.6939453125,0.0012279714306282496,-1,0,0.0,2.1605485101368167
2025-12-10 05:15:00,25890.94921875,25923.349609375,25889.0,25922.19921875,0,129.4547460937465,,25911.24537569722,25905.672567120444,25900.82490234375,25876.65484375,-0.0011766317439512175,1,1,-0.0011766317439512,-2.065068574474977
2025-12-10 05:20:00,25859.400390625,25891.69921875,25856.650390625,25890.44921875,0,129.29700195312398,,25893.963714006484,25899.88854505851,25901.8474609375,25876.5438671875,-0.0012185272876034103,1,0,-0.0012185272876034,-2.138691751428807
2025-12-10 08:30:00,25764.099609375,25798.94921875,25762.150390625,25796.849609375,0,128.8204980468763,,25796.419165836443,25809.424615453638,25804.5923828125,25844.0009765625,-0.0012056355568828003,-1,-1,0.0012056355568828,-2.116037070540451
2025-12-10 09:00:00,25786.849609375,25787.30078125,25739.30078125,25739.55078125,0,128.93424804687675,,25765.34919470735,25781.79340819831,25795.8224609375,25825.478046875,0.0018570548125971253,-1,-1,-0.0018570548125971,3.266038810821437
2025-12-11 04:05:00,25721.44921875,25787.80078125,25719.349609375,25787.30078125,0,128.60724609374665,,25759.26248123304,25763.275368246745,25759.0349609375,25789.101015625,-0.002600026416813672,-1,-1,-0.0,-4.566404724812921
2025-12-11 04:35:00,25771.55078125,25774.099609375,25733.400390625,25738.44921875,0,128.85775390624622,,25745.561146972108,25748.825954266013,25751.93994140625,25777.1030078125,0.0012646482477951526,-1,-1,-0.0012646482477951,2.225000801836362
2025-12-11 04:40:00,25807.55078125,25807.55078125,25759.400390625,25770.30078125,0,129.0377539062465,,25766.22435839807,25756.16655763901,25754.29501953125,25776.5880078125,0.0013968891629987379,-1,0,-0.0013968891629987,2.457388198008995
2025-12-11 05:30:00,25765.30078125,25801.44921875,25764.650390625,25794.44921875,0,128.82650390624622,,25797.325961953204,25795.151301537942,25782.4626953125,25780.418046875,-0.0011261702103332327,1,1,-0.0011261702103332,-1.9763923551195066
2025-12-11 06:30:00,25881.69921875,25882.80078125,25846.94921875,25847.150390625,0,129.4084960937471,,25851.4651448394,25828.1276756836,25821.2125,25783.9100390625,0.001346344342999961,1,1,0.0013463443429999,2.368565619222035
2025-12-11 08:55:00,25916.5,25918.05078125,25883.400390625,25886.69921875,0,129.58250000000044,,25891.629936144443,25881.705881511723,25876.54521484375,25855.552109375,0.001174390544877113,1,1,0.0011743905448771,2.0663906429959185
2025-12-12 03:45:00,26001.400390625,26002.80078125,25964.900390625,25971.19921875,0,130.0070019531231,,25932.10652774756,25904.741081714783,25893.60009765625,25878.8831640625,0.0039770796051668,1,1,0.0039770796051668,6.991565366715508
2025-12-12 04:50:00,25958.900390625,26008.19921875,25957.94921875,26003.400390625,0,129.79450195312165,,25984.984123603568,25981.18589108063,25973.08251953125,25917.158125,-0.001707490560468261,1,1,-0.0017074905604682,-2.997948522528578
2025-12-15 03:45:00,25953.30078125,26004.0,25949.5,25957.25,0,129.76650390624854,,26013.395016981667,26028.07295217457,26033.8798828125,26025.8409375,-0.0032203834950076393,1,0,-0.0032203834950076,-5.656560263110722
2025-12-16 03:45:00,25943.30078125,25970.0,25923.19921875,25966.75,0,129.71650390624927,,25995.932172882167,26014.075223623644,26018.44267578125,26016.811015625,-0.0027177373241331626,1,0,-0.0,-4.773258490237805
2025-12-16 04:25:00,25906.099609375,25942.849609375,25902.599609375,25941.25,0,129.5304980468718,,25926.27440401973,25955.419821940133,25981.92509765625,26006.1349609375,-0.0013838713524401136,-1,-1,0.0013838713524401,-2.429251421564534
2025-12-17 03:50:00,25920.400390625,25922.400390625,25867.80078125,25872.599609375,0,129.60200195312063,,25880.3099213412,25873.009817013623,25870.86767578125,25883.3070703125,0.0018300744576018602,-1,0,-0.0018300744576018,3.2186261440570667
2025-12-17 04:10:00,25880.80078125,25917.75,25878.099609375,25914.69921875,0,129.40400390624927,,25896.41085251802,25885.68246182091,25875.50771484375,25885.12609375,-0.0012946042879988795,-1,0,-0.0,-2.27238211498467
2025-12-17 08:45:00,25827.400390625,25827.80078125,25797.25,25798.5,0,129.1370019531205,,25805.710176210967,25799.82161048711,25796.75,25809.5590234375,0.001118264728108942,-1,0,-0.0011182647281089,1.9677605601903212
2025-12-17 08:50:00,25797.400390625,25832.650390625,25796.30078125,25827.650390625,0,128.98700195312267,,25802.940247682312,25799.518958004344,25796.92255859375,25808.686015625,-0.001161557088451337,-1,0,-0.0,-2.0385778326767707
2025-12-17 09:05:00,25775.849609375,25819.650390625,25773.05078125,25811.099609375,0,128.87924804687646,,25793.93216540124,25797.01782733494,25797.35751953125,25806.47703125,-0.001342492033281073,-1,-1,-0.0,-2.3565354076140723
2025-12-18 03:45:00,25777.75,25792.69921875,25774.19921875,25785.69921875,0,128.88874999999825,,25805.588276265044,25807.487783334644,25805.29501953125,25803.211015625,-0.0017387986881974848,1,0,-0.0017387986881974,-3.0529663985833047
2025-12-18 04:10:00,25745.099609375,25776.849609375,25743.44921875,25776.099609375,0,128.7254980468715,,25772.405328240147,25790.86444683949,25799.04013671875,25798.3960546875,-0.0011426453995242447,1,0,-0.0,-2.005344259389502
2025-12-18 04:35:00,25774.55078125,25775.349609375,25742.099609375,25745.80078125,0,128.87275390624927,,25759.39796246372,25772.776382691383,25788.63271484375,25792.95109375,0.001122534882067816,-1,-1,-0.0011225348820678,1.975264515817302
2025-12-18 04:45:00,25823.400390625,25824.19921875,25785.650390625,25792.30078125,0,129.1170019531237,,25787.78820033109,25781.11404080082,25788.37021484375,25793.1430859375,0.0012504289072627905,-1,0,-0.0012504289072627,2.2000131078498186
2025-12-18 09:30:00,25823.650390625,25825.30078125,25786.349609375,25786.349609375,0,129.11825195312122,,25802.210418734103,25810.545282058927,25819.17275390625,25847.1361328125,0.0014581375680196018,-1,-1,-0.0014581375680196,2.5650202220358485
2025-12-19 03:45:00,25925.099609375,25938.25,25884.30078125,25907.849609375,0,129.6254980468766,,25851.678267535477,25827.71211475985,25813.69521484375,25846.9721484375,0.0042396459935694075,-1,0,0.0,7.452974146512579
2025-12-22 03:45:00,26093.900390625,26103.44921875,26052.0,26055.849609375,0,130.46950195312093,,26009.221098772512,25984.01946766813,25976.97490234375,25958.2719921875,0.005103730846809373,1,1,0.0,8.971433307261062
2025-12-23 09:10:00,26166.849609375,26209.75,26166.849609375,26209.650390625,0,130.83424804687093,,26193.988920592656,26196.732936128905,26195.230078125,26186.8390234375,-0.0016272874577920593,1,0,-0.001627287457792,-2.8570073458345466
2025-12-24 03:45:00,26198.25,26201.55078125,26142.0,26183.75,0,130.9912499999955,,26180.848384233843,26183.831750358324,26190.7474609375,26186.031015625,0.0012879723803302934,1,0,0.0,2.2659883768201126
2025-12-29 08:50:00,25956.80078125,25956.849609375,25927.05078125,25928.30078125,0,129.78400390624665,,25947.052571610227,25950.0047179983,25951.04248046875,25972.8319921875,0.0011377968053400966,-1,-1,-0.00113779680534,2.002084343889209
2025-12-30 03:45:00,25908.05078125,25951.0,25894.599609375,25951.0,0,129.54025390624884,,25933.48935753242,25940.36360356644,25943.24013671875,25955.3850390625,-0.0016088755498333551,-1,-1,-0.0,-2.824652039290378
2025-12-30 04:15:00,25908.25,25941.80078125,25906.650390625,25939.94921875,0,129.5412499999984,,25916.945192653733,25924.14666503031,25931.1751953125,25946.9540625,-0.0012143524899045355,-1,-1,0.0012143524899045,-2.131355365671831
2025-12-31 03:45:00,26013.650390625,26026.849609375,25975.44921875,25975.44921875,0,130.0682519531183,,25972.657232355687,25951.53386940771,25945.07998046875,25919.81203125,0.0016595570012367666,1,1,0.0016595570012367,2.9189752559362447
2025-12-31 04:10:00,25973.25,26009.0,25972.05078125,26006.05078125,0,129.8662499999955,,25991.59405618985,25974.662541954836,25960.01005859375,25929.33609375,-0.0012939023920409687,1,1,-0.0012939023920409,-2.271148670904282
2025-12-31 09:30:00,26134.25,26174.55078125,26132.0,26174.55078125,0,130.67124999999942,,26161.9405149058,26162.17167743348,26161.96005859375,26120.793984375,-0.0015911731785133165,1,0,-0.0015911731785133,-2.7935436038200723
2026-01-01 04:25:00,26157.19921875,26192.900390625,26153.5,26189.80078125,0,130.78599609374578,,26173.59733347425,26167.27967838714,26163.0650390625,26149.02,-0.0012180789374515166,1,1,-0.0012180789374515,-2.1379038642290564
2026-01-01 07:50:00,26130.55078125,26166.19921875,26129.69921875,26164.94921875,0,130.6527539062481,,26147.733132827503,26148.84390542244,26145.1849609375,26157.8608984375,-0.001333760303835807,-1,-1,-0.0,-2.3411911106788508
2026-01-02 03:45:00,26181.650390625,26181.650390625,26125.099609375,26150.25,0,130.90825195311845,,26156.43627019509,26154.71235911465,26157.87763671875,26151.858046875,0.0015837794445348052,1,1,0.0,2.785811105769992
2026-01-02 04:10:00,26248.05078125,26248.099609375,26210.69921875,26211.75,0,131.24025390624956,,26212.82381567384,26183.95230551097,26169.39013671875,26157.5810546875,0.0013887103666703204,1,1,0.0013887103666703,2.4430155722625595
2026-01-05 03:50:00,26297.55078125,26340.94921875,26293.900390625,26340.94921875,0,131.48775390624724,,26319.9127874585,26312.78897434077,26305.39267578125,26299.8080078125,-0.0016210635339451995,1,1,-0.0016210635339451,-2.846070023943498
2026-01-05 04:00:00,26272.349609375,26301.650390625,26269.75,26301.19921875,0,131.36174804687107,,26299.98879963433,26306.51021692692,26303.99267578125,26299.9159765625,-0.0011120996606447386,1,0,-0.0011120996606447,-1.951666131773329
2026-01-05 04:35:00,26335.349609375,26336.400390625,26285.099609375,26292.0,0,131.67674804687704,,26311.38293125289,26305.50325662388,26306.23994140625,26301.801015625,0.0016487756494369954,1,1,0.0,2.900029150881596
2026-01-05 08:30:00,26223.94921875,26253.25,26222.150390625,26252.19921875,0,131.11974609374738,,26254.54973841478,26285.08314307998,26304.40751953125,26325.341015625,-0.0010913353744506082,-1,-1,0.0010913353744506,-1.9151769832022634
2026-01-06 03:45:00,26195.80078125,26237.30078125,26158.349609375,26183.900390625,0,130.97900390624636,,26230.01678768596,26246.19540507331,26242.96494140625,26288.51203125,-0.0018613168263978963,-1,-1,0.0018613168263978,-3.2682679266805668
2026-01-06 04:00:00,26215.05078125,26224.650390625,26171.849609375,26171.849609375,0,131.0752539062487,,26207.129106073626,26229.34153082792,26237.30751953125,26280.7369921875,0.0015741349663842552,-1,-1,-0.0015741349663842,2.768862832526422
2026-01-06 05:45:00,26156.599609375,26195.650390625,26152.0,26194.80078125,0,130.7829980468705,,26190.674732655072,26209.07545568835,26220.01728515625,26234.714921875,-0.001444947708536204,-1,-1,0.0014449477085362,-2.5365811034487846
2026-01-07 03:45:00,26125.650390625,26157.94921875,26106.349609375,26149.900390625,0,130.62825195312325,,26159.58841109205,26162.2714779457,26156.18251953125,26164.15203125,-0.0018720402858771745,-1,-1,-0.0,-3.287112297369591
2026-01-07 03:50:00,26154.599609375,26160.55078125,26125.400390625,26128.5,0,130.7729980468721,,26157.925477186363,26161.31249437436,26156.25,26163.7830078125,0.0011080764810504906,-1,-1,-0.0011080764810504,1.9498567200525543
2026-01-07 03:55:00,26120.349609375,26155.650390625,26113.94921875,26155.650390625,0,130.6017480468763,,26145.400187915908,26156.19213374944,26154.6224609375,26162.775,-0.0013095210980681449,-1,-1,0.0013095210980681,-2.2985954744873753
2026-01-07 04:10:00,26108.19921875,26150.94921875,26106.150390625,26145.25,0,130.5409960937468,,26130.940478132485,26146.69052032677,26153.5548828125,26159.14296875,-0.0013769784914345884,-1,-1,0.0013769784914345,-2.4171385741996483
2026-01-07 04:25:00,26138.80078125,26139.05078125,26107.099609375,26108.650390625,0,130.6940039062465,,26126.10490440037,26138.440339728186,26149.96240234375,26155.523984375,0.001177797617204046,-1,-1,-0.001177797617204,2.072377902426246
2026-01-08 03:55:00,26064.5,26097.0,26064.099609375,26096.599609375,0,130.3224999999984,,26102.385666813905,26112.90222232205,26111.7400390625,26105.38296875,-0.0012357860653146036,1,0,-0.0012357860653146,-2.169020658388139
2026-01-08 04:05:00,26092.44921875,26095.900390625,26053.25,26060.80078125,0,130.46224609374258,,26089.80986233396,26104.63589335985,26109.4599609375,26102.6589453125,0.0012183095984299452,1,0,0.0,2.143569740567926
2026-01-08 05:50:00,25969.0,25998.30078125,25968.25,25997.80078125,0,129.84500000000116,,25995.8895083691,26022.356836029197,26036.7126953125,26075.94203125,-0.0011538905342513006,-1,-1,0.0011538905342513,-2.025105371710964
2026-01-08 09:30:00,25868.44921875,25917.69921875,25868.44921875,25912.099609375,0,129.34224609374724,,25903.364492689077,25915.928014187728,25917.14970703125,25935.7838671875,-0.0016479844094630103,-1,-1,0.001647984409463,-2.8933781672260848
2026-01-09 03:45:00,25938.80078125,25940.25,25871.75,25871.75,0,129.6940039062465,,25897.49391208107,25900.69904845118,25910.0798828125,25921.5338671875,0.0027021013483174983,-1,-1,-0.0027021013483174,4.7510418734396636
2026-01-09 03:50:00,25862.349609375,25938.849609375,25861.25,25938.849609375,0,129.3117480468718,,25885.779144512384,25895.90536856666,25906.7298828125,25919.2688671875,-0.002947367247997934,-1,-1,0.0029473672479979,-5.1767879123391385
2026-01-09 04:10:00,25876.69921875,25876.69921875,25819.599609375,25830.900390625,0,129.38349609374563,,25858.742543206157,25876.07793018504,25890.475,25909.286875,0.0018040816752440403,-1,-1,-0.001804081675244,3.1729489419436625
2026-01-09 05:00:00,25853.099609375,25890.75,25852.25,25888.44921875,0,129.26549804687238,,25867.54473514225,25872.41201916823,25870.92998046875,25897.9148046875,-0.0013423285643399119,-1,-1,0.0013423285643399,-2.3562481431049522
2026-01-09 06:05:00,25759.94921875,25791.55078125,25754.05078125,25791.55078125,0,128.79974609374767,,25786.74575488749,25814.66608727927,25833.24482421875,25872.2588671875,-0.0012329826882627737,-1,-1,0.0012329826882627,-2.164094274654618
2026-01-09 08:10:00,25683.80078125,25716.349609375,25681.30078125,25716.349609375,0,128.4190039062487,,25697.76083826005,25705.3606439094,25705.92490234375,25777.847890625,-0.0012559769411231159,-1,-1,0.0012559769411231,-2.2045021509985134
2026-01-12 03:45:00,25611.05078125,25699.55078125,25611.05078125,25671.94921875,0,128.05525390624825,,25663.611848478748,25672.67092859429,25670.4099609375,25699.5839453125,-0.0036044787449277527,-1,-1,-0.0,-6.331532111829385
2026-01-12 03:50:00,25559.80078125,25610.650390625,25556.099609375,25610.650390625,0,127.79900390624972,,25629.008159402496,25658.56216017625,25664.20751953125,25694.6899609375,-0.002001089312490101,-1,-1,0.0020010893124901,-3.5138905772009283
2026-01-12 04:00:00,25568.75,25579.150390625,25530.19921875,25532.349609375,0,127.84375,,25587.46456390111,25633.54203718572,25651.11748046875,25685.6799609375,0.0014217508449343441,-1,-1,-0.0014217508449343,2.5010777136221707
2026-01-12 04:15:00,25595.44921875,25595.55078125,25546.0,25558.400390625,0,127.97724609374563,,25582.953910137363,25615.718511209136,25638.882421875,25675.5409375,0.0014809532175750206,-1,-1,-0.001480953217575,2.6051142382032992
2026-01-12 04:25:00,25557.55078125,25601.150390625,25557.55078125,25590.099609375,0,127.78775390624652,,25576.029862838823,25605.623688025356,25630.58994140625,25668.5039453125,-0.0012641553457102273,-1,-1,0.0012641553457102,-2.21887408833666
2026-01-12 04:30:00,25589.69921875,25591.80078125,25557.44921875,25557.900390625,0,127.94849609374796,,25580.586314809218,25603.63312936593,25627.4298828125,25665.3009375,0.001257884128849529,-1,-1,-0.0012578841288495,2.2131141933176934
2026-01-12 06:40:00,25578.30078125,25578.900390625,25511.0,25520.44921875,0,127.89150390624854,,25529.18706960387,25521.527865436907,25523.3923828125,25582.0619140625,0.0022845133718651933,-1,0,-0.0022845133718651,4.017213145989062
2026-01-12 06:50:00,25644.849609375,25667.5,25601.05078125,25601.900390625,0,128.22424804687762,,25583.76651878227,25545.668246096226,25529.49990234375,25580.7419140625,0.0017010396658005966,-1,0,0.0,2.9918728791071847
2026-01-12 07:00:00,25697.5,25702.75,25656.44921875,25660.94921875,0,128.48749999999927,,25638.79640418101,25577.23983636664,25541.10751953125,25581.624921875,0.0014301665432365773,-1,0,0.0,2.515866647988056
2026-01-12 07:10:00,25723.05078125,25736.80078125,25679.5,25680.849609375,0,128.61525390624956,,25676.20421783045,25606.787628624457,25556.56259765625,25583.1559375,0.0016471785773390923,-1,0,0.0,2.8972226108197683
2026-01-12 08:00:00,25745.25,25746.05078125,25689.150390625,25689.150390625,0,128.7262499999997,,25716.55082527322,25685.68618352397,25662.01025390625,25592.8559765625,0.0021876720642017844,1,1,0.0021876720642017,3.847033596829058
2026-01-12 08:50:00,25763.55078125,25765.5,25727.05078125,25730.5,0,128.81775390624898,,25743.38599309078,25725.965635630444,25726.12490234375,25626.434921875,0.0012611653744940554,1,1,0.001261165374494,2.2188803371042845
2026-01-13 03:45:00,25846.25,25889.0,25837.849609375,25886.05078125,0,129.23125000000073,,25811.28190141234,25783.305150781176,25768.89970703125,25689.9689453125,0.0015558488587099628,1,1,0.0015558488587099,2.736728595236706
2026-01-13 03:55:00,25762.849609375,25836.75,25760.400390625,25836.75,0,128.8142480468705,,25800.697555141596,25786.54460518793,25775.259765625,25702.3659375,-0.0028429446032887107,1,1,-0.0028429446032887,-4.9932856545993305
2026-01-13 04:25:00,25709.849609375,25744.75,25701.30078125,25744.0,0,128.54924804687107,,25734.938883763283,25756.666693865853,25772.7998046875,25731.474921875,-0.0013032769852042714,1,0,-0.0,-2.287622674370182
2026-01-13 04:30:00,25749.599609375,25751.80078125,25705.19921875,25710.150390625,0,128.74799804687063,,25739.82579230053,25755.783308304497,25773.034765625,25736.0669140625,0.0015461000590801799,1,0,0.0,2.719596997513821
2026-01-13 04:55:00,25799.44921875,25803.599609375,25757.44921875,25761.05078125,0,128.99724609374243,,25764.887777946988,25758.75976497465,25767.35732421875,25748.3138671875,0.0015644470999194304,1,1,0.0,2.7518383128551624
2026-01-13 05:05:00,25776.30078125,25809.19921875,25766.150390625,25805.44921875,0,128.8815039062465,,25777.872432559776,25766.141082265745,25768.29736328125,25751.8878515625,-0.0011585757843129985,1,1,-0.0011585757843129,-2.0333387770876543
2026-01-13 08:00:00,25661.400390625,25663.30078125,25659.599609375,25661.849609375,0,128.30700195311874,,25749.060174165515,25771.06974289518,25777.544921875,25768.77984375,-0.004822415844991879,1,0,-0.0048224158449918,-8.471816992270655
2026-01-13 09:10:00,25692.650390625,25702.30078125,25658.849609375,25661.099609375,0,128.46325195311874,,25659.41212725673,25672.022974807194,25695.14990234375,25741.437890625,0.001186615831925586,-1,-1,-0.0011866158319255,2.087874180222532
2026-01-13 09:35:00,25746.94921875,25747.55078125,25705.30078125,25705.94921875,0,128.73474609374898,,25713.617366680923,25693.436741557314,25674.14990234375,25733.6958984375,0.0015852207342375024,-1,0,0.0,2.7883438889152434
2026-01-14 03:45:00,25683.25,25718.849609375,25640.400390625,25647.05078125,0,128.4162499999984,,25709.072265108185,25704.048552898235,25680.79736328125,25727.0088671875,-0.0012035847776831199,-1,0,-0.0,-2.112433229493185
2026-01-14 03:55:00,25737.5,25744.80078125,25704.150390625,25704.599609375,0,128.6875,,25717.676649075864,25708.35049728732,25687.39482421875,25726.47390625,0.0012584874580932048,-1,0,0.0,2.214174425786266
2026-01-14 04:20:00,25742.44921875,25743.599609375,25688.25,25689.349609375,0,128.71224609374258,,25720.614360037773,25714.328371742296,25710.084765625,25724.5538671875,0.0020631037882010705,-1,0,-0.002063103788201,3.62812935481777
2026-01-14 05:55:00,25770.400390625,25774.150390625,25732.69921875,25737.900390625,0,128.85200195312063,,25745.11460949051,25723.930828715704,25712.490234375,25696.911015625,0.001278305609519137,1,1,0.0012783056095191,2.2490009286105788
2026-01-14 08:05:00,25671.19921875,25709.349609375,25671.19921875,25699.75,0,128.3559960937455,,25703.81232141676,25729.900318177937,25745.7048828125,25733.2300390625,-0.001134241014930315,1,0,-0.0,-1.9905752066405102
2026-01-14 08:50:00,25610.849609375,25644.5,25610.849609375,25643.650390625,0,128.0542480468721,,25637.217507472484,25667.98782119396,25691.9123046875,25720.03,-0.0012965945580653004,-1,-1,0.0012965945580653,-2.275879623132613
2026-01-16 03:45:00,25729.849609375,25742.650390625,25679.19921875,25696.05078125,0,128.6492480468769,,25689.48807465676,25677.11434388929,25662.5248046875,25710.587890625,0.002366658781354891,-1,0,-0.0023666587813548,4.161567544848576
2026-01-16 04:10:00,25725.900390625,25727.5,25683.80078125,25690.05078125,0,128.62950195312078,,25709.961561335967,25694.54511870185,25679.44990234375,25704.8498828125,0.0013682119293909611,-1,0,0.0,2.406993600865698
2026-01-16 04:45:00,25836.75,25845.5,25783.900390625,25784.94921875,0,129.18375000000017,,25786.8615066334,25744.25890236518,25718.6099609375,25704.926875,0.002059429466756413,1,1,0.0020594294667564,3.6216724576319734
2026-01-16 06:55:00,25752.099609375,25812.94921875,25744.900390625,25810.849609375,0,128.76049804687136,,25790.210088219017,25799.433588997104,25806.575,25767.0669140625,-0.002247182338611875,1,0,-0.0022471823386118,-3.946350663163282
